Primary,0
0,1.08384223216
1,1.05649604936
2,1.0870484633
3,1.04917434623
4,1.15060857744
5,1.03326437668
6,1.05262513785
7,1.05590720326
8,1.01193916893
9,1.05117123042
